URL,Last Modified
https://www.mass.gov/doc/c-l-138-physicians-fees-effective-411965/download,2026-08-21T13:12:21-04:00
https://www.mass.gov/doc/archive-bbrs-minutes-november-18-2014-approved-december-9-2014/download,2026-08-21T14:10:14-04:00
https://www.mass.gov/doc/archive-bbrs-agenda-december-8-2015/download,2026-08-21T11:15:37-04:00
https://www.mass.gov/doc/pw-1997-06-14-1997/download,2026-08-21T13:12:26-04:00
https://www.mass.gov/doc/archive-bbrs-agenda-march-13-2012doc/download,2026-08-21T11:54:35-04:00
https://www.mass.gov/doc/bombaci-leona-v-state-board-of-retirement-cr-11-324/download,2026-08-21T13:30:50-04:00
https://www.mass.gov/doc/archive-bbrs-minutes-april-10-2012-approved-may-8-2012doc/download,2026-08-21T12:22:56-04:00
https://www.mass.gov/doc/archive-150917-fpfp-september-30-meeting-notice/download,2026-08-21T08:10:41-04:00
https://www.mass.gov/doc/archive-2012-agenda04aprilbbrs-agenda-april-10-2012doc/download,2026-08-21T08:11:25-04:00
https://www.mass.gov/doc/archive-bbrs-agenda-january-8-2013doc/download,2026-08-21T11:50:50-04:00
https://www.mass.gov/doc/richard-cleveland-v-p-j-keating-materials-corp/download,2026-08-21T13:12:24-04:00
https://www.mass.gov/doc/andrea-orourke-v-new-york-life-insurance/download,2026-08-21T13:12:16-04:00
https://www.mass.gov/doc/archive-bbrs-agenda-january-10-2012/download,2026-08-21T11:48:49-04:00
https://www.mass.gov/doc/archive-bbrs-minutes-november-13-2012-approved-december-11-2012doc/download,2026-08-21T14:05:55-04:00
https://www.mass.gov/doc/archive-150916-fpfp-september-16-meeting-notice/download,2026-08-21T07:54:46-04:00
https://www.mass.gov/doc/archive-bbrs-minutes-december-11-2012-approved-january-8-2013doc/download,2026-08-21T12:27:51-04:00
https://www.mass.gov/doc/archive-bbrs-minutes-september-11-2012-approved-oct-9-2012doc/download,2026-08-21T14:52:21-04:00
https://www.mass.gov/doc/archive-bbrs-agenda-december-11-2012doc/download,2026-08-21T11:12:55-04:00
https://www.mass.gov/doc/archive-bbrs-minutes-october-14-2014-approved-november-18-2014/download,2026-08-21T14:10:48-04:00
https://www.mass.gov/doc/archive-bcab-minutes-01-08-15/download,2026-08-21T14:54:02-04:00
https://www.mass.gov/doc/archive-bbrs-minutes-april-9-2013-approved-may-14-2013doc/download,2026-08-21T12:24:59-04:00
https://www.mass.gov/doc/c-l-14-request-for-findings-of-facts/download,2026-08-21T13:12:20-04:00
https://www.mass.gov/doc/archive-bbrs-minutes-july-10-2012-approved-sep-11-2012doc/download,2026-08-21T13:59:57-04:00
https://www.mass.gov/doc/archive-bbrs-agenda-july-10-2012doc/download,2026-08-21T11:52:12-04:00
https://www.mass.gov/doc/archive-bbrs-minutes-december-10-2013-approved-january-14-2014doc/download,2026-08-21T12:27:14-04:00
https://www.mass.gov/doc/archive-bbrs-agenda-february-14-2012doc/download,2026-08-21T11:47:17-04:00
https://www.mass.gov/doc/archive-2012-agenda05maybbrs-agenda-may-8-2012doc/download,2026-08-21T08:13:15-04:00
https://www.mass.gov/doc/archive-bbrs-minutes-july-09-2013-approved-september-10-2013doc/download,2026-08-21T13:59:23-04:00
https://www.mass.gov/doc/archive-bbrs-agenda-february-9-20162pdf/download,2026-08-21T11:48:05-04:00
https://www.mass.gov/doc/archive-bbrs-minutes-february-14-2012-approved-march-13-2012doc/download,2026-08-21T13:56:38-04:00
https://www.mass.gov/doc/archive-bbrs-agenda-february-11-2014doc-0/download,2026-08-21T11:45:48-04:00
https://www.mass.gov/doc/archive-bbrs-notice-april-8-2014doc/download,2026-08-21T14:53:31-04:00
https://www.mass.gov/doc/archive-bbrs-minutes-january-14-2014-approved-february-11-2014doc/download,2026-08-21T13:58:48-04:00
https://www.mass.gov/doc/archive-bbrs-agenda-july-9-2013doc/download,2026-08-21T11:52:44-04:00
https://www.mass.gov/doc/archive-bbrs-agenda-february-11-2014doc/download,2026-08-21T11:43:36-04:00
https://www.mass.gov/doc/list-of-active-combustion-facilities-in-massachusetts-august-2026/download,2026-08-21T13:20:06-04:00
https://www.mass.gov/doc/archive-bbrs-minutes-march-11-2014-approved-april-8-2014doc/download,2026-08-21T14:02:53-04:00
https://www.mass.gov/doc/c-l-39-charges-for-aenesthetists-and-hospital-ward-care/download,2026-08-21T13:12:20-04:00
https://www.mass.gov/doc/archive-august-6-2014-meeting-minutes/download,2026-08-21T10:19:09-04:00
https://www.mass.gov/doc/archive-bbrs-agenda-june-11-2013doc/download,2026-08-21T11:53:23-04:00
https://www.mass.gov/doc/c-l-279-oevr-consents-to-lump-sum-settlements/download,2026-08-21T13:12:23-04:00
https://www.mass.gov/doc/archive-bbrs-agenda-june-12-2012doc/download,2026-08-21T11:53:58-04:00
https://www.mass.gov/doc/c-l-47-average-weekly-wages-effective-111947/download,2026-08-21T13:12:21-04:00
https://www.mass.gov/doc/archive-august-bocc-agenda/download,2026-08-21T10:20:09-04:00
https://www.mass.gov/doc/archive-bbrs-minutes-november-12-2013-approved-december-10-2013doc/download,2026-08-21T14:05:23-04:00
https://www.mass.gov/doc/archive-bbrs-minutes-january-13-2015-approved-march-3-2015/download,2026-08-21T13:58:03-04:00
https://www.mass.gov/doc/archive-bbrs-minutes-september-10-2013-approved-november-12-2013doc/download,2026-08-21T14:51:50-04:00
https://www.mass.gov/doc/archive-bbrs-agenda-may-14-2013doc/download,2026-08-21T11:55:51-04:00
https://www.mass.gov/doc/archive-bbrs-minutes-april-8-2014-approved-may-13-2014doc/download,2026-08-21T12:23:33-04:00
https://www.mass.gov/doc/archive-bbrs-agenda-december-10-2013/download,2026-08-21T11:11:02-04:00
https://www.mass.gov/doc/belliveau-nancy-v-state-board-of-retirement-cr-13-456/download,2026-08-21T13:22:11-04:00
https://www.mass.gov/doc/archive-bbrs-minutes-october-9-2012-approved-november-13-2012doc/download,2026-08-21T14:11:21-04:00
https://www.mass.gov/doc/archive-bbrs-agenda-october-9-2012doc/download,2026-08-21T12:17:03-04:00
https://www.mass.gov/doc/archive-bbrs-minutes-may-14-2013-approved-june-11-2013doc/download,2026-08-21T14:04:06-04:00
https://www.mass.gov/doc/archive-072011trccminutes021811doc/download,2026-08-21T07:52:42-04:00
https://www.mass.gov/doc/archive-bbrs-minutes-january-10-2012-approved-february-14-2012/download,2026-08-21T13:57:27-04:00
https://www.mass.gov/doc/archive-bbrs-minutes-july-8-2014-approved-september-9-2014/download,2026-08-21T14:00:34-04:00
https://www.mass.gov/doc/list-of-active-handling-facilities-in-massachusetts-august-2026/download,2026-08-21T13:20:59-04:00
https://www.mass.gov/doc/archive-bbrs-minutes-december-9-2014-approved-january-13-2015/download,2026-08-21T12:28:31-04:00
https://www.mass.gov/doc/ackerman-ross-v-worcester-regional-retirement-board-cr-11-405/download,2026-08-21T12:55:07-04:00
https://www.mass.gov/doc/asare-dorothy-v-taunton-retirement-board-cr-12-445/download,2026-08-21T12:59:31-04:00
https://www.mass.gov/doc/archive-150917-fpfp-september-23-meeting-notice/download,2026-08-21T08:03:17-04:00
https://www.mass.gov/doc/archive-bbrs-agenda-september-10-2013doc/download,2026-08-21T12:17:35-04:00
https://www.mass.gov/doc/archive-bbrs-minutes-june-12-2012-approved-july-10-2012doc/download,2026-08-21T14:02:19-04:00
https://www.mass.gov/doc/archive-bbrs-minutes-may-8-2012-approved-june-12-2012doc/download,2026-08-21T14:04:45-04:00
https://www.mass.gov/doc/list-of-inactiveclosed-landfills-dumping-grounds-in-massachusetts-august-2026/download,2026-08-21T13:19:05-04:00
https://www.mass.gov/doc/archive-bbrs-minutes-june-11-2013-approved-july-9-2013doc/download,2026-08-21T14:01:45-04:00
https://www.mass.gov/doc/burke-arleen-v-teachers-retirement-board-cr-15-428/download,2026-08-21T13:51:32-04:00
https://www.mass.gov/doc/archive-054133progressavespringfield21406pdf/download,2026-08-21T07:51:17-04:00
https://www.mass.gov/doc/master-list-of-solid-waste-facilities-in-massachusetts-august-2026/download,2026-08-21T13:17:18-04:00
https://www.mass.gov/doc/archive-bbrs-agenda-november-12-2013doc/download,2026-08-21T12:15:22-04:00
https://www.mass.gov/doc/archive-bbrs-minutes-may-13-2014-approved-june-10-2014doc/download,2026-08-21T14:03:35-04:00
https://www.mass.gov/doc/archive-150917-final-fpfp-minutes-september-2-2015-with-exhibits/download,2026-08-21T07:58:14-04:00
https://www.mass.gov/doc/archive-bbrs-minutes-september-9-2014-approved-october-14-2014/download,2026-08-21T14:52:53-04:00
https://www.mass.gov/doc/archive-072011trccminutes032211doc/download,2026-08-21T07:53:43-04:00
https://www.mass.gov/doc/archive-bbrs-agenda-september-11-2012rdoc/download,2026-08-21T12:22:02-04:00
https://www.mass.gov/doc/archive-bbrs-minutes-june-10-2014-approved-july-8-2014doc/download,2026-08-21T14:01:13-04:00
https://www.mass.gov/doc/borucki-michelle-v-state-board-of-retirement-cr-12-683/download,2026-08-21T13:42:40-04:00
https://www.mass.gov/doc/archive-bbrs-agenda-january-14-2014doc/download,2026-08-21T11:50:05-04:00
https://www.mass.gov/doc/uniform-certification-applicationrequired-document-list/download,2026-08-21T16:37:48-04:00
https://www.mass.gov/doc/benoit-robert-v-everett-retirement-board-cr-14-821/download,2026-08-21T13:24:09-04:00
https://www.mass.gov/doc/abdelahad-claire-v-state-board-of-retirement-cr-15-292/download,2026-08-21T12:54:33-04:00
https://www.mass.gov/doc/bernier-jean-v-hampton-county-retirement-system-cr-15-555/download,2026-08-21T13:25:28-04:00
https://www.mass.gov/doc/brunell-jean-v-massachusetts-teachers-retirement-system-cr-15-764/download,2026-08-21T13:50:24-04:00
https://www.mass.gov/doc/bell-elizabeth-v-franklin-regional-retirement-board-cr-15-600/download,2026-08-21T13:20:54-04:00
https://www.mass.gov/doc/andrade-joseph-v-state-bd-of-retirement-cr-13-104/download,2026-08-21T12:58:28-04:00
https://www.mass.gov/doc/berman-phyllis-v-state-board-of-retirement-cr-13-549/download,2026-08-21T13:24:49-04:00
https://www.mass.gov/doc/cletus-l-kijek-v-osram-sylvania-inc/download,2026-08-21T13:12:23-04:00
https://www.mass.gov/doc/anastasios-karsaliakos-v-k-l-concrete-and-gary-pinsonneault/download,2026-08-21T13:12:15-04:00
https://www.mass.gov/doc/amicle-oriol-v-lg-balfour-co/download,2026-08-21T13:12:12-04:00
https://www.mass.gov/doc/ana-dejesus-v-morgan-goodwill-industries/download,2026-08-21T13:12:13-04:00
https://www.mass.gov/doc/amy-storch-v-blue-crossblue-shield-of-massachusetts/download,2026-08-21T13:12:13-04:00
https://www.mass.gov/doc/americo-capozzi-v-allen-davis-dba-brockton-auto-repair/download,2026-08-21T13:12:12-04:00
https://www.mass.gov/doc/2017-maximum-weekly-benefit-amount/download,2026-08-21T13:12:26-04:00
https://www.mass.gov/doc/2017-school-employees-28a-memo/download,2026-08-21T13:10:49-04:00
https://www.mass.gov/doc/2018-minimum-base-period-wage-requirement-for-claims/download,2026-08-21T13:10:49-04:00
https://www.mass.gov/doc/servicemember-cases/download,2026-08-21T08:33:39-04:00
https://www.mass.gov/doc/tax-lien-cases/download,2026-08-21T08:34:01-04:00
https://www.mass.gov/doc/andrea-cook-hewitt-v-blue-ridge-insurance-et-al/download,2026-08-21T13:12:15-04:00
https://www.mass.gov/doc/byrne-lori-v-massachusetts-teachers-retirement-system-docket-no-cr-15-609/download,2026-08-21T13:53:53-04:00
https://www.mass.gov/doc/grand-junction-transportation-feasibility-study-final-report/download,2026-08-21T16:35:50-04:00
https://www.mass.gov/doc/cosmo-bisazza-v-mci-concord/download,2026-08-21T13:12:26-04:00
https://www.mass.gov/doc/andrew-danberg-ficarelli-dmd/download,2026-08-21T13:12:18-04:00
https://www.mass.gov/doc/cl-353-cola-min-and-max-aww-atty-fees/download,2026-08-21T13:12:18-04:00
https://www.mass.gov/doc/cola-offset-general-guidelines-for-insurers/download,2026-08-21T13:12:24-04:00
https://www.mass.gov/doc/basic-firearms-instructor-public-listing-08212026/download,2026-08-21T19:06:58-04:00
https://www.mass.gov/doc/andrea-orourke-v-new-york-life-ins-decision-ii/download,2026-08-21T13:12:16-04:00
https://www.mass.gov/doc/nabp-newsletter-table-of-contents-2/download,2026-08-21T11:04:53-04:00
https://www.mass.gov/doc/archive-2014-massachusetts-hate-crime-report/download,2026-08-21T08:14:13-04:00
https://www.mass.gov/doc/juvenile-court-department-public-daily-list-report-barnstable-division/download,2026-08-21T09:06:53-04:00
https://www.mass.gov/doc/juvenile-court-department-public-daily-list-report-berkshire-division/download,2026-08-21T09:06:35-04:00
https://www.mass.gov/doc/juvenile-court-department-public-daily-list-report-bristol-division/download,2026-08-21T09:06:15-04:00
https://www.mass.gov/doc/juvenile-court-department-public-daily-list-report-essex-division/download,2026-08-21T09:05:42-04:00
https://www.mass.gov/doc/juvenile-court-department-public-daily-list-report-hampden-division/download,2026-08-21T09:04:58-04:00
https://www.mass.gov/doc/juvenile-court-department-public-daily-list-report-middlesex-division/download,2026-08-21T09:04:36-04:00
https://www.mass.gov/doc/juvenile-court-department-public-daily-list-report-norfolk-division/download,2026-08-21T09:04:09-04:00
https://www.mass.gov/doc/juvenile-court-department-public-daily-list-report-plymouth-division/download,2026-08-21T09:03:52-04:00
https://www.mass.gov/doc/juvenile-court-department-public-daily-list-report-suffolk-division/download,2026-08-21T09:03:25-04:00
https://www.mass.gov/doc/juvenile-court-department-public-daily-list-report-worcester-division/download,2026-08-21T09:02:28-04:00
https://www.mass.gov/doc/juvenile-court-department-public-daily-list-report-franklin-and-hampshire-counties/download,2026-08-21T09:05:24-04:00
https://www.mass.gov/doc/miscellaneous-cases/download,2026-08-21T08:34:24-04:00
https://www.mass.gov/doc/archive-april-6-2021-etrcc-meeting-minutes-and-select-meeting-materials/download,2026-08-21T10:08:32-04:00
https://www.mass.gov/doc/andrea-orourke-v-new-york-life-ins-co/download,2026-08-21T13:12:16-04:00
https://www.mass.gov/doc/202101-form-1099-g-memo/download,2026-08-21T13:12:27-04:00
https://www.mass.gov/doc/202102-attachment-highlights-of-covid-19-policy-flexibilities/download,2026-08-21T13:10:49-04:00
https://www.mass.gov/doc/202102-application-of-covid-19-flexibilities/download,2026-08-21T13:12:27-04:00
https://www.mass.gov/doc/202104-work-search-requirements-memo-052021/download,2026-08-21T13:10:51-04:00
https://www.mass.gov/doc/202105-change-in-maximum-duration-of-benefits/download,2026-08-21T13:12:29-04:00
https://www.mass.gov/doc/202106-update-of-caregivers-policy/download,2026-08-21T13:12:29-04:00
https://www.mass.gov/doc/202107-update-of-suitable-work-total-or-partial-unemployment-covid-19-policy/download,2026-08-21T13:12:29-04:00
https://www.mass.gov/doc/202108-update-of-retroactive-application-of-covid-19-flexibilities-policy/download,2026-08-21T13:12:30-04:00
https://www.mass.gov/doc/massdep-lcca-program-identified-schools-and-childcare-facilities-sampling-location-codes/download,2026-08-21T11:14:57-04:00
https://www.mass.gov/doc/archive-approved-firearms-roster-0/download,2026-08-21T09:35:58-04:00
https://www.mass.gov/doc/archive-approved-firearms-roster/download,2026-08-21T09:35:01-04:00
https://www.mass.gov/doc/archive-april-27-2022-etrcc-meeting-minutes-and-select-meeting-materials/download,2026-08-21T10:04:59-04:00
https://www.mass.gov/doc/archive-august-2-2022-etrcc-meeting-minutes-and-meeting-materials/download,2026-08-21T10:13:43-04:00
https://www.mass.gov/doc/board-of-review-decision-0077-2299-56/download,2026-08-21T13:12:10-04:00
https://www.mass.gov/doc/board-of-review-decision-0077-3641-43/download,2026-08-21T13:12:09-04:00
https://www.mass.gov/doc/bistany-v-lawrence-bd-of-ret-cr-17-04/download,2026-08-21T13:26:32-04:00
https://www.mass.gov/doc/archive-april-12-2023-etrcc-meeting-minutes-and-meeting-materials/download,2026-08-21T10:02:27-04:00
https://www.mass.gov/doc/bowen-sanford-v-mtrs-cr-18-0387/download,2026-08-21T13:44:12-04:00
https://www.mass.gov/doc/brown-v-mpaers-et-al-cr-20-0426/download,2026-08-21T13:49:05-04:00
https://www.mass.gov/doc/archive-approved-firearms-roster-july-2023/download,2026-08-21T09:56:21-04:00
https://www.mass.gov/doc/burke-v-sbr-cr-19-0394/download,2026-08-21T13:52:01-04:00
https://www.mass.gov/doc/circular-letter-297/download,2026-08-21T13:12:18-04:00
https://www.mass.gov/doc/board-of-review-decision-0077-4433-73/download,2026-08-21T13:12:12-04:00
https://www.mass.gov/doc/barnaby-v-prs-cr-21-0273/download,2026-08-21T13:09:32-04:00
https://www.mass.gov/doc/archive-2023-massachusetts-traffic-records-self-assessment/download,2026-08-21T08:16:01-04:00
https://www.mass.gov/doc/bradford-v-mtrs-cr-21-0336/download,2026-08-21T13:44:51-04:00
https://www.mass.gov/doc/burnes-v-state-bd-of-ret-cr-21-0084/download,2026-08-21T13:53:18-04:00
https://www.mass.gov/doc/bugler-v-lrb-cr-19-0557/download,2026-08-21T13:50:56-04:00
https://www.mass.gov/doc/barnes-v-errs-cr-21-469/download,2026-08-21T13:11:47-04:00
https://www.mass.gov/doc/2024-covid-19-recovery-assessment-frequently-asked-questions/download,2026-08-21T13:12:32-04:00
https://www.mass.gov/doc/202306-new-minimum-base-period-wage-requirement/download,2026-08-21T13:12:30-04:00
https://www.mass.gov/doc/baptiste-v-bcrb-et-al-cr-20-0001/download,2026-08-21T13:09:00-04:00
https://www.mass.gov/doc/bodreau-v-wrs-cr-21-0283/download,2026-08-21T13:30:04-04:00
https://www.mass.gov/doc/ahern-v-sbr-cr-22-0098/download,2026-08-21T12:56:20-04:00
https://www.mass.gov/doc/bertonassi-v-mcrs-cr-20-0252/download,2026-08-21T13:25:59-04:00
https://www.mass.gov/doc/antonelli-v-sbr-cr-20-0341/download,2026-08-21T12:59:02-04:00
https://www.mass.gov/doc/list-of-approved-programs-1/download,2026-08-21T15:57:09-04:00
https://www.mass.gov/doc/burlingame-v-wrrs-cr-22-0130/download,2026-08-21T13:52:39-04:00
https://www.mass.gov/doc/archive-approved-firearms-roster-122023/download,2026-08-21T09:49:02-04:00
https://www.mass.gov/doc/bennett-v-mtrs-cr-21-0185/download,2026-08-21T13:22:41-04:00
https://www.mass.gov/doc/deec-v-sanchez-correa-oc-22-44-601/download,2026-08-21T12:39:01-04:00
https://www.mass.gov/doc/ballinger-v-pcrb-cr-23-0551/download,2026-08-21T13:08:23-04:00
https://www.mass.gov/doc/archive-approved-firearms-roster-june-2024/download,2026-08-21T09:59:00-04:00
https://www.mass.gov/doc/board-of-review-decision-0077-3761-36/download,2026-08-21T13:12:10-04:00
https://www.mass.gov/doc/archive-approved-firearms-roster-92024/download,2026-08-21T09:52:36-04:00
https://www.mass.gov/doc/massdep-textiles-by-the-numbers-municipal-and-commercial-collection-data-and-infographics/download,2026-08-21T11:40:24-04:00
https://www.mass.gov/doc/202401-form-1099-g-policy-memo/download,2026-08-21T13:12:32-04:00
https://www.mass.gov/doc/beaudette-v-state-bd-ret-cr-23-0361/download,2026-08-21T13:18:11-04:00
https://www.mass.gov/doc/bartorelli-v-plymouth-cty-ret-ass-cr-22-0303/download,2026-08-21T13:16:42-04:00
https://www.mass.gov/doc/amaral-v-state-bd-of-ret-cr-23-0184/download,2026-08-21T13:03:14-04:00
https://www.mass.gov/doc/borger-green-v-mtrs-cr-24-0692/download,2026-08-21T13:41:16-04:00
https://www.mass.gov/doc/2024-covid-19-recovery-assessment-rate-schedule-0/download,2026-08-21T13:12:32-04:00
https://www.mass.gov/doc/archive-approved-firearms-roster-22025/download,2026-08-21T09:51:29-04:00
https://www.mass.gov/doc/additional-detail-related-to-the-cqmv-qeip-portal-registration-and-file-upload-is-available-in-the-qeip-user-guide-updated-3202026/download,2026-08-21T10:31:59-04:00
https://www.mass.gov/doc/bowridge-v-state-bd-of-ret-22-377-crab/download,2026-08-21T13:43:37-04:00
https://www.mass.gov/doc/deec-v-spellman-oc-25-0265/download,2026-08-21T12:40:52-04:00
https://www.mass.gov/doc/business-build/download,2026-08-21T19:02:55-04:00
https://www.mass.gov/doc/business-builds-rfp/download,2026-08-21T18:49:22-04:00
https://www.mass.gov/doc/data-to-action-leveraging-the-bsas-dashboard-and-other-resources-for-community-impact-2/download,2026-08-21T09:06:44-04:00
https://www.mass.gov/doc/long-term-care-supplement-form-0/download,2026-08-21T10:16:37-04:00
https://www.mass.gov/doc/formulario-del-suplemento-de-atencion-a-largo-plazo-0/download,2026-08-21T10:17:29-04:00
https://www.mass.gov/doc/approved-basic-firearms-instructors-08212026/download,2026-08-21T19:06:16-04:00
https://www.mass.gov/doc/dcs-policy-04-117u-cy2025-resea-allocations/download,2026-08-21T13:22:30-04:00
https://www.mass.gov/doc/harold-parker-sf-summerfall-programs/download,2026-08-21T15:00:43-04:00
https://www.mass.gov/doc/practice-guidance-supporting-older-adults-and-substance-use/download,2026-08-21T14:52:55-04:00
https://www.mass.gov/doc/py3-qeip-user-guide-release-notes-81126-0/download,2026-08-21T10:38:01-04:00
https://www.mass.gov/doc/supported-collaborative-living-scl-service-plan/download,2026-08-21T09:01:38-04:00
https://www.mass.gov/doc/flexible-funding-3779financial-assistance-3780-reporting-forms/download,2026-08-21T09:02:44-04:00
https://www.mass.gov/doc/august-2026-efsb-oml/download,2026-08-21T09:17:45-04:00
https://www.mass.gov/doc/framingham-advisory-board-meeting-september-8-2026/download,2026-08-21T09:32:28-04:00
https://www.mass.gov/doc/beverly-police-lieutenant-sole-ac-poster/download,2026-08-21T10:00:43-04:00
https://www.mass.gov/doc/msrb-board-meeting-august-2026-web-agenda/download,2026-08-21T10:20:04-04:00
https://www.mass.gov/doc/new-bedford-various-detours-and-impacts-for-drivers-and-pedestrians-sunday-august-23-to-sunday-september-6/download,2026-08-21T10:34:52-04:00
https://www.mass.gov/doc/public-health-advisory-on-recalled-outshine-fruit-bars/download,2026-08-21T12:53:42-04:00
https://www.mass.gov/doc/new-bedford-various-detours-and-impacts-for-drivers-and-pedestrians-sunday-august-23-to-sunday-september-6-spanish/download,2026-08-21T10:37:23-04:00
https://www.mass.gov/doc/new-bedford-various-detours-and-impacts-for-drivers-and-pedestrians-sunday-august-23-to-sunday-september-6-portuguese/download,2026-08-21T10:38:53-04:00
https://www.mass.gov/doc/new-bedford-various-detours-and-impacts-for-drivers-and-pedestrians-sunday-august-23-to-sunday-september-6-cape-verdean/download,2026-08-21T10:40:01-04:00
https://www.mass.gov/doc/restrictive-housing-report-may-2026/download,2026-08-21T11:11:31-04:00
https://www.mass.gov/doc/restrictive-housing-report-june-2026/download,2026-08-21T11:12:03-04:00
https://www.mass.gov/doc/restrictive-housing-report-july-2026/download,2026-08-21T11:12:38-04:00
https://www.mass.gov/doc/restrictive-housing-report-august-2026/download,2026-08-21T11:13:16-04:00
https://www.mass.gov/doc/county-hoc-restrictive-housing-report-june-2026/download,2026-08-21T11:14:04-04:00
https://www.mass.gov/doc/county-hoc-restrictive-housing-report-july-2026/download,2026-08-21T11:14:36-04:00
https://www.mass.gov/doc/behavior-assessment-unit-report-may-2026/download,2026-08-21T11:15:37-04:00
https://www.mass.gov/doc/behavior-assessment-unit-report-june-2026/download,2026-08-21T11:16:03-04:00
https://www.mass.gov/doc/behavior-assessment-unit-report-july-2026/download,2026-08-21T11:16:38-04:00
https://www.mass.gov/doc/behavior-assessment-unit-report-august-2026/download,2026-08-21T11:17:07-04:00
https://www.mass.gov/doc/secure-adjustment-unit-sau-report-may-2026/download,2026-08-21T11:18:02-04:00
https://www.mass.gov/doc/secure-adjustment-unit-sau-report-june-2026/download,2026-08-21T11:18:35-04:00
https://www.mass.gov/doc/secure-adjustment-unit-sau-report-july-2026/download,2026-08-21T11:19:06-04:00
https://www.mass.gov/doc/secure-adjustment-unit-sau-report-august-2026/download,2026-08-21T11:19:46-04:00
https://www.mass.gov/doc/mswb-policy-subcommittee-august-25-2026/download,2026-08-21T11:34:05-04:00
https://www.mass.gov/doc/brockton-advisory-board-meeting-september-8-2026/download,2026-08-21T11:41:15-04:00
https://www.mass.gov/doc/dcs-info-02-181-moses-version-416-to-be-released-on-wednesday-september-2-2026/download,2026-08-21T11:41:16-04:00
https://www.mass.gov/doc/redline-of-proposed-amendment-to-section-362-of-the-rules-of-the-bbo-procedure-on-petitions-for-reinstatement-generally/download,2026-08-21T11:49:28-04:00
https://www.mass.gov/doc/dur-board-meeting-minutes-march-11-2026/download,2026-08-21T12:29:28-04:00
https://www.mass.gov/doc/designer-selection-meeting-minutes-august-2026/download,2026-08-21T12:31:33-04:00
https://www.mass.gov/doc/proposed-treatment-locations-monday-august-24-2026/download,2026-08-21T13:02:05-04:00
https://www.mass.gov/doc/masshealth-provider-handbook-6/download,2026-08-21T13:27:47-04:00
https://www.mass.gov/doc/welcome-baby/download,2026-08-21T14:40:53-04:00
https://www.mass.gov/doc/welcome-baby-chinese/download,2026-08-21T14:41:31-04:00
https://www.mass.gov/doc/welcome-baby-farsi/download,2026-08-21T14:42:21-04:00
https://www.mass.gov/doc/welcome-baby-french/download,2026-08-21T14:42:57-04:00
https://www.mass.gov/doc/welcome-baby-khmer/download,2026-08-21T14:43:38-04:00
https://www.mass.gov/doc/welcome-baby-pashto/download,2026-08-21T14:44:18-04:00
https://www.mass.gov/doc/welcome-baby-portuguese/download,2026-08-21T14:45:13-04:00
https://www.mass.gov/doc/welcome-baby-spanish/download,2026-08-21T14:47:54-04:00
https://www.mass.gov/doc/welcome-baby-vietnamese/download,2026-08-21T14:49:06-04:00
https://www.mass.gov/doc/welcome-baby-russian/download,2026-08-21T14:50:00-04:00
https://www.mass.gov/doc/belle-isle-marsh-september-programs/download,2026-08-21T14:56:02-04:00
https://www.mass.gov/doc/rumney-marsh-september-programs/download,2026-08-21T14:57:29-04:00
https://www.mass.gov/doc/revere-beach-september-programs/download,2026-08-21T14:58:51-04:00
https://www.mass.gov/doc/public-notice-26-ww01-0049-app-manchester-by-the-sea/download,2026-08-21T15:05:09-04:00
https://www.mass.gov/doc/public-notice-26-ww01-0080-app-sturbridge/download,2026-08-21T15:06:21-04:00
https://www.mass.gov/doc/public-notice-26-ww03-0002-amd-chelsea/download,2026-08-21T15:07:17-04:00
https://www.mass.gov/doc/request-for-proposals-for-recreation-operations-at-the-nantucket-disc-golf-course-nantucket-ma-rfp-dcr-2026-700/download,2026-08-21T15:15:29-04:00
https://www.mass.gov/doc/prequalification-committee-meeting-agenda-82626/download,2026-08-21T15:16:00-04:00
https://www.mass.gov/doc/attachment-e-for-rfp-dcr-2026-700/download,2026-08-21T15:18:52-04:00
https://www.mass.gov/doc/sudors/download,2026-08-21T15:54:59-04:00
https://www.mass.gov/doc/guidance-for-child-care-and-residential-providers-related-to-interacting-with-civil-law-enforcement/download,2026-08-21T19:36:59-04:00
https://www.mass.gov/doc/guidance-for-k-12-schools-related-to-interacting-with-civil-law-enforcement/download,2026-08-21T19:48:09-04:00
https://www.mass.gov/doc/board-of-respiratory-care-meeting-minutes-july-16-2026/download,2026-08-21T16:34:14-04:00
https://www.mass.gov/doc/board-of-registration-of-nursing-home-administrators-meeting-minutes-july-17-2026/download,2026-08-21T16:35:59-04:00
https://www.mass.gov/doc/interactions-with-civil-law-enforcement-rp/download,2026-08-21T17:03:21-04:00
https://www.mass.gov/doc/emergency-preparedness-in-child-care-programs-0/download,2026-08-21T17:21:02-04:00
https://www.mass.gov/doc/scheduled-hearings-82426-82826/download,2026-08-21T17:41:42-04:00
https://www.mass.gov/doc/efsb-application-checklist-draft/download,2026-08-21T17:52:08-04:00
https://www.mass.gov/doc/efsb-common-conditions-redlined/download,2026-08-21T17:53:33-04:00
https://www.mass.gov/doc/efsb-common-conditions-aug-26-draft/download,2026-08-21T17:55:22-04:00
https://www.mass.gov/doc/efsb-baseline-standards-redline/download,2026-08-21T17:59:26-04:00
https://www.mass.gov/doc/efsb-baseline-standards-aug-26-draft/download,2026-08-21T17:57:46-04:00
https://www.mass.gov/doc/protect-act-one-pager/download,2026-08-21T19:03:59-04:00
https://www.mass.gov/doc/protect-act-one-pager-spanish/download,2026-08-21T19:06:39-04:00
https://www.mass.gov/doc/protect-act-one-pager-portuguese/download,2026-08-21T19:08:00-04:00
https://www.mass.gov/memorandum/memo-voluntary-withdrawal-cases-involving-land-encumbered-by-a-fee-taking,2026-08-21T08:51:12-04:00
https://www.mass.gov/advisory/dcr-traffic-and-parking-advisory-william-j-day-boulevard,2026-08-21T12:19:52-04:00
https://www.mass.gov/advisory/dcr-recreation-advisory-cyanobacteria-bloom-in-the-charles-river,2026-08-21T13:05:16-04:00
https://www.mass.gov/advisory/dcr-traffic-advisory-memorial-drive,2026-08-21T16:43:20-04:00
https://www.mass.gov/advisory/dcr-recreational-advisory-georges-island,2026-08-21T16:45:10-04:00
https://www.mass.gov/advisory/dcr-parking-advisory-revere-beach-boulevard,2026-08-21T16:47:38-04:00
https://www.mass.gov/handbook/masshealth-provider-handbook,2026-08-21T13:28:17-04:00
https://www.mass.gov/lists/cable-television-licenses,2026-08-21T12:01:17-04:00
https://www.mass.gov/lists/current-and-prior-hearing-dockets,2026-08-21T17:42:19-04:00
https://www.mass.gov/lists/map-oversight-and-review,2026-08-21T10:53:07-04:00
https://www.mass.gov/lists/substance-use-and-overdose-data,2026-08-21T16:04:15-04:00
https://www.mass.gov/lists/wic-nutrition-and-breastfeeding-materials,2026-08-21T14:53:58-04:00
https://www.mass.gov/lists/licensing-policies-for-family-child-care-providers,2026-08-21T17:42:06-04:00
https://www.mass.gov/lists/licensing-policies-for-group-and-school-age-child-care-programs,2026-08-21T17:38:02-04:00
https://www.mass.gov/lists/dds-contracts-information,2026-08-21T09:18:05-04:00
https://www.mass.gov/lists/licensing-policies-for-residential-and-placement-programs,2026-08-21T17:27:22-04:00
https://www.mass.gov/lists/drug-utilization-review-dur-board-meeting-minutes,2026-08-21T12:33:02-04:00
https://www.mass.gov/lists/registered-land-memos-from-the-chief-title-examiner,2026-08-21T08:52:47-04:00
https://www.mass.gov/lists/bureau-of-substance-addiction-services-guidances-and-resources,2026-08-21T14:55:04-04:00
https://www.mass.gov/lists/boards-commissions-councils-task-forces,2026-08-21T09:30:40-04:00
https://www.mass.gov/lists/grant-programs,2026-08-21T09:31:20-04:00
https://www.mass.gov/decision/aliano-charles-v-somerville-retirement-board-cr-13-284,2026-08-21T12:57:49-04:00
https://www.mass.gov/decision/belanger-michael-v-massachusetts-teachers-retirement-system-cr-16-120,2026-08-21T13:20:08-04:00
https://www.mass.gov/decision/astacio-luis-v-springfield-retirement-board-cr-17-521,2026-08-21T12:59:59-04:00
https://www.mass.gov/decision/auer-jr-daniel-s-v-state-board-of-retirement-cr-18-0247,2026-08-21T13:01:03-04:00
https://www.mass.gov/decision/auer-daniel-s-jr-v-state-board-of-retirement-cr-18-0247-reconsideration,2026-08-21T13:00:40-04:00
https://www.mass.gov/decision/deec-v-keith-oc-24-0387,2026-08-21T12:31:52-04:00
https://www.mass.gov/decision/deec-v-pena-oc-22-0446,2026-08-21T12:34:36-04:00
https://www.mass.gov/decision/deec-v-peralta-oc-24-0353,2026-08-21T12:36:20-04:00
https://www.mass.gov/decision/deec-v-vazquez-oc-24-0664,2026-08-21T12:41:35-04:00
https://www.mass.gov/decision/deec-v-rathor-oc-25-0156,2026-08-21T12:37:29-04:00
https://www.mass.gov/decision/deec-v-ya-oc-25-0402,2026-08-21T12:42:58-04:00
https://www.mass.gov/decision/dph-v-dancy-phna-24-0547,2026-08-21T13:41:07-04:00
https://www.mass.gov/decision/deec-v-ramirez-oc-24-0251,2026-08-21T12:36:53-04:00
https://www.mass.gov/decision/deec-v-santiago-oc-25-0452,2026-08-21T12:39:49-04:00
https://www.mass.gov/decision/deec-v-rosado-oc-25-0522,2026-08-21T12:38:02-04:00
https://www.mass.gov/decision/deec-v-velasquez-oc-25-0321,2026-08-21T12:42:14-04:00
https://www.mass.gov/decision/deec-v-mc-oc-25-0694,2026-08-21T12:32:41-04:00
https://www.mass.gov/decision/deec-v-sevostyanov-oc-25-0426,2026-08-21T12:43:40-04:00
https://www.mass.gov/decision/deec-v-mcclain-oc-25-0737,2026-08-21T12:33:25-04:00
https://www.mass.gov/decision/deec-v-osula-oc-25-0549,2026-08-21T12:33:58-04:00
https://www.mass.gov/decision/deec-v-adams-oc-25-0719,2026-08-21T12:55:46-04:00
https://www.mass.gov/event/board-of-public-accountancy-meeting-61826-06-18-2026,2026-08-21T12:52:07-04:00
https://www.mass.gov/event/in-person-public-hearing-mor-ev-09-02-2026,2026-08-21T15:15:53-04:00
https://www.mass.gov/event/board-meeting-palmer-to-ware-transmission-project-08-26-2026,2026-08-21T09:19:56-04:00
https://www.mass.gov/event/board-of-registration-of-professional-engineers-and-land-surveyors-meeting-82726-08-27-2026,2026-08-21T14:11:52-04:00
https://www.mass.gov/event/subcommittee-housing-92326-09-23-2026,2026-08-21T11:50:37-04:00
https://www.mass.gov/event/subcommittee-health-care-9926-09-09-2026,2026-08-21T11:43:59-04:00
https://www.mass.gov/event/framingham-advisory-board-meeting-september-8-2026-09-08-2026,2026-08-21T09:35:08-04:00
https://www.mass.gov/event/msrb-1303rd-monthly-board-meeting-thursday-8272026-08-27-2026,2026-08-21T10:22:50-04:00
https://www.mass.gov/event/brockton-advisory-board-meeting-september-8-2026-09-08-2026,2026-08-21T11:43:27-04:00
https://www.mass.gov/event/prequalification-committee-meeting-august-26-2026-08-26-2026,2026-08-21T15:18:46-04:00
https://www.mass.gov/forms/contact-eovs,2026-08-21T15:43:51-04:00
https://www.mass.gov/guides/system-inspectors-soil-evaluators-training-licensing-and-renewal,2026-08-21T09:38:10-04:00
https://www.mass.gov/guides/upcoming-foster-careadoption-informational-meetings,2026-08-21T09:34:45-04:00
https://www.mass.gov/how-to/moses-103-career-planning-in-moses-training,2026-08-21T10:51:36-04:00
https://www.mass.gov/how-to/get-your-youth-deer-hunt-permit,2026-08-21T12:49:58-04:00
https://www.mass.gov/info-details/massachusetts-law-about-discovery,2026-08-21T09:24:21-04:00
https://www.mass.gov/info-details/fuel-surcharge-for-vehicles-involuntarily-towed,2026-08-21T11:21:51-04:00
https://www.mass.gov/info-details/enforcement-actions-issued-by-the-division-of-banks,2026-08-21T08:21:02-04:00
https://www.mass.gov/info-details/hunting-licenses-permits-and-stamps,2026-08-21T13:06:23-04:00
https://www.mass.gov/info-details/deer-hunting-regulations,2026-08-21T12:53:58-04:00
https://www.mass.gov/info-details/hunting-information-for-minors,2026-08-21T12:57:30-04:00
https://www.mass.gov/info-details/driver-training-course-information,2026-08-21T12:59:01-04:00
https://www.mass.gov/info-details/cyanobacteria-andor-cyanotoxins-contract-services-list,2026-08-21T09:34:18-04:00
https://www.mass.gov/info-details/cast-iron-frame-and-grate-or-cover-m8030,2026-08-21T15:21:42-04:00
https://www.mass.gov/info-details/leading-by-example-recognition-awards,2026-08-21T10:03:53-04:00
https://www.mass.gov/info-details/traffic-and-construction-updates-needham-newton-corridor-project,2026-08-21T10:19:57-04:00
https://www.mass.gov/info-details/massgis-data-hospitals,2026-08-21T15:45:27-04:00
https://www.mass.gov/info-details/cement-concrete-producers-approved-mix-designs,2026-08-21T14:04:06-04:00
https://www.mass.gov/info-details/provider-handbook-providers-and-members,2026-08-21T13:32:56-04:00
https://www.mass.gov/info-details/provider-handbook-masshealth-managed-care-plans,2026-08-21T13:32:16-04:00
https://www.mass.gov/info-details/provider-handbook-provider-portals,2026-08-21T13:33:52-04:00
https://www.mass.gov/info-details/provider-handbook-authorizations-and-referrals,2026-08-21T13:38:40-04:00
https://www.mass.gov/info-details/provider-handbook-billing-and-claims,2026-08-21T13:33:34-04:00
https://www.mass.gov/info-details/provider-handbook-provider-manuals-and-regulations,2026-08-21T13:32:25-04:00
https://www.mass.gov/info-details/provider-handbook-existing-providers,2026-08-21T13:32:34-04:00
https://www.mass.gov/info-details/provider-integrity-compliance-auditing-and-monitoring,2026-08-21T13:32:47-04:00
https://www.mass.gov/info-details/provider-handbook-provider-educationcommunications,2026-08-21T13:34:15-04:00
https://www.mass.gov/info-details/provider-handbook-new-providers,2026-08-21T13:31:29-04:00
https://www.mass.gov/info-details/frequently-asked-questions-faqs-about-naloxone,2026-08-21T17:06:20-04:00
https://www.mass.gov/info-details/volunteers-in-the-parks,2026-08-21T10:36:53-04:00
https://www.mass.gov/info-details/provider-handbook-important-information,2026-08-21T13:34:24-04:00
https://www.mass.gov/info-details/provider-handbook-massgov-for-providers,2026-08-21T13:34:07-04:00
https://www.mass.gov/info-details/traffic-and-construction-updates-i-495i-90-interchange-improvements,2026-08-21T16:37:46-04:00
https://www.mass.gov/info-details/fleet-ev-charging-deployment-grant-program-40,2026-08-21T11:43:43-04:00
https://www.mass.gov/info-details/bureau-of-substance-addiction-services-bsas-dashboard,2026-08-21T09:20:03-04:00
https://www.mass.gov/info-details/select-massachusetts-and-federal-court-cases-for-law-about-pages-c-d,2026-08-21T09:26:30-04:00
https://www.mass.gov/info-details/sportfishing-awards-current-leaders,2026-08-21T09:06:37-04:00
https://www.mass.gov/info-details/clean-energy-transmission-working-group-cetwg,2026-08-21T18:42:58-04:00
https://www.mass.gov/info-details/permits-offered-by-dcr-request-for-proposals-and-request-for-expressions-of-interest,2026-08-21T15:20:15-04:00
https://www.mass.gov/info-details/massworkforce-wioa-local-plan-guidance-policy-issuances,2026-08-21T13:23:54-04:00
https://www.mass.gov/info-details/massworkforce-wioa-itmoses-masshire-jobquest-information-issuances,2026-08-21T11:43:18-04:00
https://www.mass.gov/info-details/massachusetts-state-retirement-board-meetings-msrb,2026-08-21T10:24:22-04:00
https://www.mass.gov/info-details/leave-fireworks-to-the-professionals,2026-08-21T13:51:36-04:00
https://www.mass.gov/info-details/yarmouth-artificial-reef,2026-08-21T15:27:11-04:00
https://www.mass.gov/info-details/on-the-governors-desk,2026-08-21T11:53:08-04:00
https://www.mass.gov/info-details/rule-changes-and-invitations-to-comment-on-proposed-rules-and-amendments,2026-08-21T11:59:55-04:00
https://www.mass.gov/info-details/masswildlife-calendar,2026-08-21T12:12:55-04:00
https://www.mass.gov/info-details/commercial-lobster-crab-regulations,2026-08-21T09:33:03-04:00
https://www.mass.gov/info-details/retirement-board-request-for-proposal-rfp-notices,2026-08-21T11:15:00-04:00
https://www.mass.gov/info-details/recent-perac-updates,2026-08-21T11:12:01-04:00
https://www.mass.gov/info-details/eec-licensing-policies-forms-and-technical-assistance,2026-08-21T11:51:49-04:00
https://www.mass.gov/info-details/jobs-at-local-retirement-systems,2026-08-21T10:36:08-04:00
https://www.mass.gov/info-details/open-retirement-board-member-positions,2026-08-21T10:33:31-04:00
https://www.mass.gov/info-details/efsbsiting-calendar,2026-08-21T09:23:03-04:00
https://www.mass.gov/info-details/social-adjustment-services-sas,2026-08-21T14:52:18-04:00
https://www.mass.gov/info-details/designer-selection,2026-08-21T12:38:18-04:00
https://www.mass.gov/info-details/naloxone-facts-and-formulations,2026-08-21T16:27:05-04:00
https://www.mass.gov/info-details/co-packer-businesses,2026-08-21T15:22:44-04:00
https://www.mass.gov/info-details/perinatal-hepatitis-b,2026-08-21T11:12:00-04:00
https://www.mass.gov/info-details/worker-adjustment-and-retraining-notification-act-warn-layoff-and-closure-updates,2026-08-21T16:20:45-04:00
https://www.mass.gov/info-details/notice-of-petitioners-pending-admission-to-the-bar-of-massachusetts,2026-08-21T15:04:10-04:00
https://www.mass.gov/info-details/sole-assessment-center-examinations,2026-08-21T10:02:14-04:00
https://www.mass.gov/info-details/annual-massachusetts-tomato-contest,2026-08-21T08:43:10-04:00
https://www.mass.gov/info-details/agricultural-lands-preservation-committee-meetings-and-minutes,2026-08-21T03:15:37-04:00
https://www.mass.gov/info-details/refugee-youth-mentoring-rym,2026-08-21T12:58:26-04:00
https://www.mass.gov/info-details/where-to-get-naloxone-in-massachusetts,2026-08-21T16:25:27-04:00
https://www.mass.gov/info-details/resources-for-student-loan-borrowers-who-are-not-from-massachusetts,2026-08-21T12:36:39-04:00
https://www.mass.gov/info-details/zoom-video-chat-with-a-law-librarian,2026-08-21T14:19:49-04:00
https://www.mass.gov/info-details/companies-licensed-for-amusement-and-small-inflatables-facilities,2026-08-21T12:45:39-04:00
https://www.mass.gov/info-details/companies-licensed-for-challenge-course-facilities,2026-08-21T12:46:03-04:00
https://www.mass.gov/info-details/companies-licensed-for-climbing-wall-facilities,2026-08-21T12:46:34-04:00
https://www.mass.gov/info-details/ship-drug-overdose-prevention,2026-08-21T17:10:41-04:00
https://www.mass.gov/info-details/firearms-safety-instructors-certification-program,2026-08-21T19:10:15-04:00
https://www.mass.gov/info-details/pace-approved-training-list,2026-08-21T16:17:16-04:00
https://www.mass.gov/info-details/dta-transitional-assistance-office-lobby-signage,2026-08-21T16:05:27-04:00
https://www.mass.gov/info-details/advance-notification-of-new-project-filings,2026-08-21T09:22:07-04:00
https://www.mass.gov/info-details/business-certificates-dba-in-massachusetts,2026-08-21T14:51:22-04:00
https://www.mass.gov/info-details/massachusetts-city-town-recycling-links,2026-08-21T09:46:30-04:00
https://www.mass.gov/info-details/masshealth-aco-quality-and-equity-incentive-program-aqeip,2026-08-21T10:42:41-04:00
https://www.mass.gov/info-details/efsb-permitting-dashboard,2026-08-21T17:59:02-04:00
https://www.mass.gov/info-details/commissioners-cup-leaderboard,2026-08-21T13:51:21-04:00
https://www.mass.gov/info-details/palmer-to-ware-transmission-project,2026-08-21T09:24:33-04:00
https://www.mass.gov/info-details/new-opinions,2026-08-21T09:45:26-04:00
https://www.mass.gov/info-details/business-front-door,2026-08-21T13:01:37-04:00
https://www.mass.gov/info-details/ori-community-partners-directory,2026-08-21T17:55:16-04:00
https://www.mass.gov/info-details/efsb-25-10-proposed-rulemaking,2026-08-21T16:06:18-04:00
https://www.mass.gov/info-details/polychlorinated-biphenyls-pcbs-clinician-resources,2026-08-21T13:46:50-04:00
https://www.mass.gov/info-details/business-builds-capital-grant-program,2026-08-21T18:59:14-04:00
https://www.mass.gov/info-details/2026-hunting-and-freshwater-fishing-season-summary,2026-08-21T11:11:46-04:00
https://www.mass.gov/info-details/board-of-public-accountancy-2026-meetings,2026-08-21T12:52:19-04:00
https://www.mass.gov/info-details/harmful-cyanobacterial-bloom-advisories-in-massachusetts,2026-08-21T13:07:00-04:00
https://www.mass.gov/info-details/2026-masshire-state-workforce-board-meetings,2026-08-21T11:39:22-04:00
https://www.mass.gov/info-details/63-voluntary-withdrawal-gl-c-185-ss-52,2026-08-21T08:55:59-04:00
https://www.mass.gov/info-details/64-withdrawal-from-registration-gl-c-183a-ss-16,2026-08-21T08:58:17-04:00
https://www.mass.gov/info-details/2025-pro-bono-honor-roll-and-high-honor-roll,2026-08-21T12:28:56-04:00
https://www.mass.gov/info-details/appellate-tax-board-weekly-scheduled-hearings,2026-08-21T14:28:59-04:00
https://www.mass.gov/info-details/agricultural-preservation-restriction-apr-program-resources-for-municipalities,2026-08-21T09:19:12-04:00
https://www.mass.gov/info-details/driver-training-for-community-transportation-providers,2026-08-21T15:08:10-04:00
https://www.mass.gov/info-details/provider-handbook-members-with-more-than-one-insurance,2026-08-21T13:33:16-04:00
https://www.mass.gov/info-details/provider-handbook-overpayments,2026-08-21T13:33:43-04:00
https://www.mass.gov/info-details/farmers-markets-contacts,2026-08-21T17:46:57-04:00
https://www.mass.gov/info-details/notice-of-election-clinton-retirement-board,2026-08-21T10:30:57-04:00
https://www.mass.gov/info-details/naloxone-program-locator,2026-08-21T09:12:02-04:00
https://www.mass.gov/info-details/beverly-police-lieutenant-sole-ac-wee,2026-08-21T10:02:46-04:00
https://www.mass.gov/info-details/job-posting-weymouth-retirement-board,2026-08-21T10:30:26-04:00
https://www.mass.gov/info-details/weymouth-retirement-board-request-for-proposal-0,2026-08-21T11:10:25-04:00
https://www.mass.gov/info-details/notice-inviting-comment-on-proposed-amendment-to-section-362-of-the-rules-of-the-board-of-bar-overseers,2026-08-21T11:54:51-04:00
https://www.mass.gov/locations/revere-beach-reservation,2026-08-21T15:35:41-04:00
https://www.mass.gov/locations/harold-parker-state-forest,2026-08-21T15:02:32-04:00
https://www.mass.gov/locations/belle-isle-marsh-reservation,2026-08-21T15:36:48-04:00
https://www.mass.gov/locations/rumney-marsh-reservation,2026-08-21T15:37:50-04:00
https://www.mass.gov/news/massachusetts-gains-8400-jobs-in-june-unemployment-rate-drops-again,2026-08-21T10:30:49-04:00
https://www.mass.gov/news/ag-campbell-secures-more-than-800000-in-citations-against-multiple-staffing-agencies-and-hotel-operator-for-wage-theft-and-other-fair-labor-violations,2026-08-21T11:10:52-04:00
https://www.mass.gov/news/massachusetts-department-of-correction-launches-new-digital-patient-portal-to-enhance-access-to-clinical-services-and-health-information,2026-08-21T08:44:32-04:00
https://www.mass.gov/news/massachusetts-unemployment-rate-unchanged-at-44-labor-force-participation-remains-steady-in-july,2026-08-21T11:08:11-04:00
https://www.mass.gov/news/healey-driscoll-administration-awards-66-million-to-strengthen-early-education-and-out-of-school-time-facilities-across-massachusetts,2026-08-21T14:56:11-04:00
https://www.mass.gov/news/dph-issues-public-health-advisory-on-recalled-outshine-fruit-bars,2026-08-21T10:38:12-04:00
https://www.mass.gov/news/30-local-firefighters-graduate-from-firefighting-academy-0,2026-08-21T13:41:30-04:00
https://www.mass.gov/orgs/division-of-fisheries-and-wildlife,2026-08-21T13:48:47-04:00
https://www.mass.gov/orgs/massachusetts-department-of-agricultural-resources,2026-08-21T08:55:36-04:00
https://www.mass.gov/orgs/masshealth,2026-08-21T15:28:06-04:00
https://www.mass.gov/orgs/bristol-county-mosquito-control-project,2026-08-21T13:03:38-04:00
https://www.mass.gov/orgs/bureau-of-substance-addiction-services,2026-08-21T14:48:39-04:00
https://www.mass.gov/orgs/land-court,2026-08-21T09:31:14-04:00
https://www.mass.gov/orgs/injury-prevention-and-control-program,2026-08-21T08:02:31-04:00
https://www.mass.gov/orgs/executive-office-of-veterans-services,2026-08-21T10:36:54-04:00
https://www.mass.gov/orgs/department-of-economic-research,2026-08-21T12:33:49-04:00
https://www.mass.gov/orgs/massachusetts-veterans-homes,2026-08-21T15:34:15-04:00
https://www.mass.gov/orgs/commercial-fisheries-commission,2026-08-21T15:26:32-04:00
https://www.mass.gov/economic-assistance-cash-benefits,2026-08-21T13:01:12-04:00
https://www.mass.gov/office-for-refugees-and-immigrants-ori-programs-and-services,2026-08-21T12:12:17-04:00
https://www.mass.gov/payment-care-delivery-innovation-pcdi-for-providers,2026-08-21T13:37:12-04:00
https://www.mass.gov/stop-an-overdose-with-naloxone,2026-08-21T16:21:08-04:00
https://www.mass.gov/environmental-justice-at-the-massachusetts-department-of-conservation-and-recreation-dcr,2026-08-21T11:05:05-04:00
https://www.mass.gov/protecting-people-from-ice,2026-08-21T19:58:11-04:00
https://www.mass.gov/older-adult-60-resources-in-massachusetts,2026-08-21T16:19:30-04:00
